,0
not_pushed\data_anonymized\Insight46\CoV_qCBF_StandardSpace_DeepWM_n=1670_29-Sep-2022_PVC2.tsv,764e07d587ce8a09bddd02697621d755e985fa1759b13329cc177ee061550b6d
not_pushed\data_anonymized\Insight46\CoV_qCBF_StandardSpace_Hammers_n=1670_29-Sep-2022_PVC2.tsv,5bacb2b91fd4d1ed806840c0cc6b50c80db79616b38bbbb5f5a9fa5c89afe9c8
not_pushed\data_anonymized\Insight46\CoV_qCBF_StandardSpace_Tatu_ACA_MCA_PCA_n=1670_29-Sep-2022_PVC2.tsv,11eede9ed0637850dd44b2e7c06fcbb069970b9c21af77302b8851dd3e610f69
not_pushed\data_anonymized\Insight46\CoV_qCBF_StandardSpace_Tatu_ACA_MCA_PCA_Prox_Med_Dist_n=1670_29-Sep-2022_PVC2.tsv,2137ca2cac18fa93ede2fb7bb1582b260532b7642b59ce3f2c6ae722f51bc46d
not_pushed\data_anonymized\Insight46\CoV_qCBF_StandardSpace_TotalGM_n=1670_29-Sep-2022_PVC2.tsv,726278f49be6a8d5e1c6a23d4e0051aa611ad5229a911d93e747c78c533af102
not_pushed\data_anonymized\Insight46\mean_qCBF_StandardSpace_DeepWM_n=1670_29-Sep-2022_PVC2.tsv,876f289487438a4fc9ce23e3820632f88d278b06c2ad6434f918d58223893cae
not_pushed\data_anonymized\Insight46\mean_qCBF_StandardSpace_Hammers_n=1670_29-Sep-2022_PVC2.tsv,b51d333118f72c9c72cc7338f1d580b5ded3e9d2ed053a2b1ee8cf31dc727fff
not_pushed\data_anonymized\Insight46\mean_qCBF_StandardSpace_Tatu_ACA_MCA_PCA_n=1670_29-Sep-2022_PVC2.tsv,e44183699a67a6beff1a614c3e16e9080e41ac0fa0f02e187b00fee0dca3b1b5
not_pushed\data_anonymized\Insight46\mean_qCBF_StandardSpace_Tatu_ACA_MCA_PCA_Prox_Med_Dist_n=1670_29-Sep-2022_PVC2.tsv,c93b410ac71653ede997abdb42ad0f97f327ea3e8ea6f88350e860c6bcde49c2
not_pushed\data_anonymized\Insight46\mean_qCBF_StandardSpace_TotalGM_n=1670_29-Sep-2022_PVC2.tsv,abed868f099e1531efff56c4de485cc74b06bc6ffde645dae600b7c9404b3042
not_pushed\data_anonymized\SABRE\CoV_qCBF_StandardSpace_DeepWM_n=753_11-Mar-2021_PVC2.tsv,63bd6ec83d543963a84afb58efe716d9d727c5206cecd8921c799839ad555eac
not_pushed\data_anonymized\SABRE\CoV_qCBF_StandardSpace_TotalGM_n=753_11-Mar-2021_PVC2.tsv,e3f037b5f9324be9b112670d397360e7da3d72ac3d9d8cdbd88d8d4c3bd3aa73
not_pushed\data_anonymized\SABRE\mean_qCBF_StandardSpace_DeepWM_n=753_11-Mar-2021_PVC2.tsv,8eb21247534663e47aff36fee37f29efbc482c8233a23566eac5955a4030c66f
not_pushed\data_anonymized\SABRE\mean_qCBF_StandardSpace_TotalGM_n=753_11-Mar-2021_PVC2.tsv,eb633635bd258d3b235cb6a9e88d34830ab7a57b5641f231c8cc36e39916e503
not_pushed\data_anonymized\StrokeMRI\CoV_qCBF_StandardSpace_DeepWM_n=589_13-Jan-2023_PVC2.tsv,dd222c10d86d9694b5b7b62ca44e1db0264e0ce11fb017a2d3842c4fe3716960
not_pushed\data_anonymized\StrokeMRI\CoV_qCBF_StandardSpace_TotalGM_n=589_13-Jan-2023_PVC2.tsv,bbdd3a875716913b2a76f10793b9bd2d352ec60a3af75134703b7d65f1264c02
not_pushed\data_anonymized\StrokeMRI\mean_qCBF_StandardSpace_DeepWM_n=589_13-Jan-2023_PVC2.tsv,6ba2aa999a7d100ee537f70b06e6d68dc520f7317bd4bf3bbd1e8f3b54e7d9e2
not_pushed\data_anonymized\StrokeMRI\mean_qCBF_StandardSpace_TotalGM_n=589_13-Jan-2023_PVC2.tsv,67592fc615b98b5c1d678dfe5a7b2995d74ce38317372ffe01848a1daba7704b
not_pushed\data_anonymized\TOP\CoV_qCBF_StandardSpace_DeepWM_n=895_06-Feb-2023_PVC2.tsv,faedb594a928cd3230b2788df01fc472ca28201c6372ccf3069e44c9447ec1da
not_pushed\data_anonymized\TOP\CoV_qCBF_StandardSpace_Tatu_ACA_MCA_PCA_n=895_06-Feb-2023_PVC2.tsv,3d99a971100cc0cee07b2bb29497a41500a55a63bae6694805f297728fc2d148
not_pushed\data_anonymized\TOP\CoV_qCBF_StandardSpace_Tatu_ACA_MCA_PCA_Prox_Med_Dist_n=895_06-Feb-2023_PVC2.tsv,eeaea1d8388af9bcaefa523e15a545b58d25a1c7329f5a77844409791126d673
not_pushed\data_anonymized\TOP\CoV_qCBF_StandardSpace_TotalGM_n=895_06-Feb-2023_PVC2.tsv,20f1439615cdecfd8ca6ae05af80aea35301f5d8170da149efc7e8e4c5947bdc
not_pushed\data_anonymized\TOP\mean_qCBF_StandardSpace_DeepWM_n=895_06-Feb-2023_PVC2.tsv,b88742afe02cbb5cb4d4983668f166f5d26343782b34ff25c223539083641ad2
not_pushed\data_anonymized\TOP\mean_qCBF_StandardSpace_Tatu_ACA_MCA_PCA_n=895_06-Feb-2023_PVC2.tsv,083c8dd372b42a2f913fc9407f75b97d3920aa5d31959db6f1bca52caf069463
not_pushed\data_anonymized\TOP\mean_qCBF_StandardSpace_Tatu_ACA_MCA_PCA_Prox_Med_Dist_n=895_06-Feb-2023_PVC2.tsv,332a4a271cdfe8cb0e87f434940780eabd39694168191ccfeef705c103b32381
not_pushed\data_anonymized\TOP\mean_qCBF_StandardSpace_TotalGM_n=895_06-Feb-2023_PVC2.tsv,d174dab3bc270b66409f85082edc12959dcac0faf0b50b30c106e2469e662a63
not_pushed\data_anonymized\TOP\sub-0012_1\ASL_1\ASL4Dcontext.tsv,ae8329ea06cdc25918c82532277b8734d8ae523397cecc19c5ae60a2a912631d
